director_name,actor_1_name,actor_2_name,actor_3_name,genres,movie_title,comb
Adam Robitel, Bruce Davison, Caitlin Gerard, Caitlin Gerard,Horror Mystery Thriller,insidious: the last key, Bruce Davison  Caitlin Gerard  Caitlin Gerard Adam Robitel Horror Mystery Thriller
Christopher Radcliff, Tobias Campbell, Owen Campbell, Owen Campbell,Drama Mystery,the strange ones, Tobias Campbell  Owen Campbell  Owen Campbell Christopher Radcliff Drama Mystery
Jaume Collet-Serra, Sam Neill, Jonathan Banks, Jonathan Banks,Action Thriller Mystery,the commuter, Sam Neill  Jonathan Banks  Jonathan Banks Jaume Collet-Serra Action Thriller Mystery
Babak Najafi, Danny Glover, Billy Brown, Billy Brown,Thriller Action Crime,proud mary, Danny Glover  Billy Brown  Billy Brown Babak Najafi Thriller Action Crime
Brett Donowho, Mike Epps, Sophia Bush, Sophia Bush,Action Crime Thriller,acts of violence, Mike Epps  Sophia Bush  Sophia Bush Brett Donowho Action Crime Thriller
Trudie Styler, Bette Midler, Laverne Cox, Laverne Cox,Comedy Drama,freak show, Bette Midler  Laverne Cox  Laverne Cox Trudie Styler Comedy Drama
Sam Hoffman, Maria Dizzia, Bebe Neuwirth, Bebe Neuwirth,Comedy,humor me, Maria Dizzia  Bebe Neuwirth  Bebe Neuwirth Sam Hoffman Comedy
Nicolai Fuglsig, Thad Luckinbill, Geoff Stults, Geoff Stults,War Drama Action History,12 strong, Thad Luckinbill  Geoff Stults  Geoff Stults Nicolai Fuglsig War Drama Action History
Christian Gudegast, 50 Cent, O'Shea Jackson Jr., O'Shea Jackson Jr.,Action Thriller Crime,den of thieves, 50 Cent  O'Shea Jackson Jr.  O'Shea Jackson Jr. Christian Gudegast Action Thriller Crime
Bethany Ashton Wolf, Travis Tritt, Abby Ryder Fortson, Abby Ryder Fortson,Romance Drama Music,forever my girl, Travis Tritt  Abby Ryder Fortson  Abby Ryder Fortson Bethany Ashton Wolf Romance Drama Music
Jesse Keller, Brian Patrick Butler, Ron Christopher Jones, Ron Christopher Jones,Drama Thriller,thane of east county, Brian Patrick Butler  Ron Christopher Jones  Ron Christopher Jones Jesse Keller Drama Thriller
Wes Ball, Patricia Clarkson, Will Poulter, Will Poulter,Science Fiction Action Adventure Thriller,maze runner: the death cure, Patricia Clarkson  Will Poulter  Will Poulter Wes Ball Science Fiction Action Adventure Thriller
Ben Lewin, Patton Oswalt, River Alexander, River Alexander,Comedy Drama,please stand by, Patton Oswalt  River Alexander  River Alexander Ben Lewin Comedy Drama
The Spierig Brothers, Sarah Snook, Jason Clarke, Jason Clarke,Horror Thriller,winchester, Sarah Snook  Jason Clarke  Jason Clarke The Spierig Brothers Horror Thriller
Sebastián Lelio, Francisco Reyes Morandé,Sebastián Lelio (director/screenplay); Gonzalo Maza (screenplay); Daniela Vega,Sebastián Lelio (director/screenplay); Gonzalo Maza (screenplay); Daniela Vega,Drama,a fantastic woman, Francisco Reyes Morandé Sebastián Lelio (director/screenplay); Gonzalo Maza (screenplay); Daniela Vega Sebastián Lelio (director/screenplay); Gonzalo Maza (screenplay); Daniela Vega Sebastián Lelio Drama
Mario Van Peebles, William Fichtner, Paul Rodriguez, Paul Rodriguez,Action Thriller,armed, William Fichtner  Paul Rodriguez  Paul Rodriguez Mario Van Peebles Action Thriller
Julius Onah, Zhang Ziyi, David Oyelowo, David Oyelowo,Horror Science Fiction Action Thriller,the cloverfield paradox, Zhang Ziyi  David Oyelowo  David Oyelowo Julius Onah Horror Science Fiction Action Thriller
Bryan Coyne, Richard Riehle, Heather Vaughn, Heather Vaughn,Horror,bad apples, Richard Riehle  Heather Vaughn  Heather Vaughn Bryan Coyne Horror
Will Gluck, James Corden, Margot Robbie, Margot Robbie,Animation Adventure Family,peter rabbit, James Corden  Margot Robbie  Margot Robbie Will Gluck Animation Adventure Family
R. Balki, Radhika Apte,R. Balki (director/screenplay); Swanand Kirkire (screenplay); Akshay Kumar,R. Balki (director/screenplay); Swanand Kirkire (screenplay); Akshay Kumar,Comedy Drama,pad man, Radhika Apte R. Balki (director/screenplay); Swanand Kirkire (screenplay); Akshay Kumar R. Balki (director/screenplay); Swanand Kirkire (screenplay); Akshay Kumar R. Balki Comedy Drama
James Foley, Marcia Gay Harden, Jennifer Ehle, Jennifer Ehle,Drama Romance,fifty shades freed, Marcia Gay Harden  Jennifer Ehle  Jennifer Ehle James Foley Drama Romance
Clint Eastwood, Spencer Stone, Alek Skarlatos, Alek Skarlatos,Drama Thriller,the 15:17 to paris, Spencer Stone  Alek Skarlatos  Alek Skarlatos Clint Eastwood Drama Thriller
Brian Crano, Jason Sudeikis, David Joseph Craig, David Joseph Craig,Comedy Romance Drama,permission, Jason Sudeikis  David Joseph Craig  David Joseph Craig Brian Crano Comedy Romance Drama
Alex Ross Perry, Analeigh Tipton, Chloë Sevigny, Chloë Sevigny,Drama,golden exits, Analeigh Tipton  Chloë Sevigny  Chloë Sevigny Alex Ross Perry Drama
Ryan Coogler, Andy Serkis, Forest Whitaker, Forest Whitaker,Action Adventure Science Fiction,black panther, Andy Serkis  Forest Whitaker  Forest Whitaker Ryan Coogler Action Adventure Science Fiction
Mark Pellington, Ellen Burstyn, Bruce Dern, Bruce Dern,Drama Crime,nostalgia, Ellen Burstyn  Bruce Dern  Bruce Dern Mark Pellington Drama Crime
Bruce Macdonald, Lindsay Wagner, Rutger Hauer, Rutger Hauer,Action Drama Adventure,samson, Lindsay Wagner  Rutger Hauer  Rutger Hauer Bruce Macdonald Action Drama Adventure
"John Francis Daley, Jonathan Goldstein", Kyle Chandler, Michael C. Hall, Michael C. Hall,Mystery Comedy Crime,game night," Kyle Chandler  Michael C. Hall  Michael C. Hall John Francis Daley, Jonathan Goldstein Mystery Comedy Crime"
Alex Garland, Oscar Isaac, Tuva Novotny, Tuva Novotny,Science Fiction Horror,annihilation, Oscar Isaac  Tuva Novotny  Tuva Novotny Alex Garland Science Fiction Horror
Michael Sucsy, Maria Bello, Debby Ryan, Debby Ryan,Romance Fantasy,every day, Maria Bello  Debby Ryan  Debby Ryan Michael Sucsy Romance Fantasy
David Freyne, Tom Vaughan-Lawlor, Sam Keeley, Sam Keeley,Horror Drama Science Fiction,the cured, Tom Vaughan-Lawlor  Sam Keeley  Sam Keeley David Freyne Horror Drama Science Fiction
Francis Lawrence, Jeremy Irons, Matthias Schoenaerts, Matthias Schoenaerts,Thriller Mystery,red sparrow, Jeremy Irons  Matthias Schoenaerts  Matthias Schoenaerts Francis Lawrence Thriller Mystery
Eli Roth, Kimberly Elise, Dean Norris, Dean Norris,Action Crime Drama Thriller,death wish, Kimberly Elise  Dean Norris  Dean Norris Eli Roth Action Crime Drama Thriller
Shawn Christensen, Kyle Chandler, Nathan Lane, Nathan Lane,Drama Mystery Romance,the vanishing of sidney hall, Kyle Chandler  Nathan Lane  Nathan Lane Shawn Christensen Drama Mystery Romance
Usher Morgan, Yaron Urbas, Emil Ferzola, Emil Ferzola,Thriller Action Crime Drama Mystery,pickings, Yaron Urbas  Emil Ferzola  Emil Ferzola Usher Morgan Thriller Action Crime Drama Mystery
Ava DuVernay, Chris Pine, Zach Galifianakis, Zach Galifianakis,Adventure Science Fiction Family Fantasy,a wrinkle in time, Chris Pine  Zach Galifianakis  Zach Galifianakis Ava DuVernay Adventure Science Fiction Family Fantasy
Nash Edgerton, Sharlto Copley, Thandiwe Newton, Thandiwe Newton,Comedy Action Crime,gringo, Sharlto Copley  Thandiwe Newton  Thandiwe Newton Nash Edgerton Comedy Action Crime
Cory Finley, Francie Swift, Paul Sparks, Paul Sparks,Drama Thriller,thoroughbreds, Francie Swift  Paul Sparks  Paul Sparks Cory Finley Drama Thriller
Johannes Roberts, Lewis Pullman, Bailee Madison, Bailee Madison,Horror Thriller,the strangers: prey at night, Lewis Pullman  Bailee Madison  Bailee Madison Johannes Roberts Horror Thriller
Rob Cohen, Ben Cross, James Cutler, James Cutler,Action Crime Thriller,the hurricane heist, Ben Cross  James Cutler  James Cutler Rob Cohen Action Crime Thriller
Roar Uthaug, Kristin Scott Thomas, Daniel Wu, Daniel Wu,Action Adventure Fantasy,tomb raider, Kristin Scott Thomas  Daniel Wu  Daniel Wu Roar Uthaug Action Adventure Fantasy
Greg Berlanti, Jennifer Garner, Josh Duhamel, Josh Duhamel,Comedy Drama Romance,"love, simon", Jennifer Garner  Josh Duhamel  Josh Duhamel Greg Berlanti Comedy Drama Romance
Erwin brothers, Dennis Quaid, Cloris Leachman, Cloris Leachman,Music Drama,i can only imagine, Dennis Quaid  Cloris Leachman  Cloris Leachman Erwin brothers Music Drama
José Padilha, Denis Ménochet, Lior Ashkenazi, Lior Ashkenazi,Thriller Drama Crime,entebbe, Denis Ménochet  Lior Ashkenazi  Lior Ashkenazi José Padilha Thriller Drama Crime
Laurie Collyer, Anna Paquin, Whoopi Goldberg, Whoopi Goldberg,Comedy,furlough, Anna Paquin  Whoopi Goldberg  Whoopi Goldberg Laurie Collyer Comedy
Eric England, Kurt Fuller, Robin Bartlett, Robin Bartlett,Thriller Drama,josie, Kurt Fuller  Robin Bartlett  Robin Bartlett Eric England Thriller Drama
Max Winkler, Dylan Gelula, Joey Morgan, Joey Morgan,Comedy Drama,flower, Dylan Gelula  Joey Morgan  Joey Morgan Max Winkler Comedy Drama
Steven S. DeKnight, Charlie Day, Zhang Jin, Zhang Jin,Action Fantasy Science Fiction Adventure,pacific rim uprising, Charlie Day  Zhang Jin  Zhang Jin Steven S. DeKnight Action Fantasy Science Fiction Adventure
Wes Anderson, Frank Wood, Harvey Keitel, Harvey Keitel,Adventure Comedy Animation,isle of dogs, Frank Wood  Harvey Keitel  Harvey Keitel Wes Anderson Adventure Comedy Animation
John Stevenson, Julio Bonet, Eve Webster, Eve Webster,Animation Family Fantasy Comedy Adventure Mystery,sherlock gnomes, Julio Bonet  Eve Webster  Eve Webster John Stevenson Animation Family Fantasy Comedy Adventure Mystery
Steven Soderbergh, Matt Damon, Amy Irving, Amy Irving,Horror Thriller,unsane, Matt Damon  Amy Irving  Amy Irving Steven Soderbergh Horror Thriller
Andrew Hyatt, John Lynch, Joanne Whalley, Joanne Whalley,Drama,"paul, apostle of christ", John Lynch  Joanne Whalley  Joanne Whalley Andrew Hyatt Drama
Stanley Tucci, Sylvie Testud, James Faulkner, James Faulkner,History Drama,final portrait, Sylvie Testud  James Faulkner  James Faulkner Stanley Tucci History Drama
Scott Speer, Suleka Mathew, Quinn Shephard, Quinn Shephard,Romance Drama,midnight sun, Suleka Mathew  Quinn Shephard  Quinn Shephard Scott Speer Romance Drama
Steven Spielberg, Mark Rylance, Simon Pegg, Simon Pegg,Adventure Action Science Fiction,ready player one, Mark Rylance  Simon Pegg  Simon Pegg Steven Spielberg Adventure Action Science Fiction
Tyler Perry, Kendrick Cross, Nelson Estevez, Nelson Estevez,Drama Thriller,acrimony, Kendrick Cross  Nelson Estevez  Nelson Estevez Tyler Perry Drama Thriller
Michael Mason, Tatum O'Neal, Ted McGinley, Ted McGinley,Drama Fantasy,god's not dead: a light in darkness, Tatum O'Neal  Ted McGinley  Ted McGinley Michael Mason Drama Fantasy
Aaron Katz, John Cho, Ricki Lake, Ricki Lake,Mystery Crime Drama Thriller,gemini, John Cho  Ricki Lake  Ricki Lake Aaron Katz Mystery Crime Drama Thriller
Adam Rifkin, Chevy Chase, Ellar Coltrane, Ellar Coltrane,Drama,the last movie star, Chevy Chase  Ellar Coltrane  Ellar Coltrane Adam Rifkin Drama
John Krasinski, Noah Jupe, Millicent Simmonds, Millicent Simmonds,Horror Drama Science Fiction,a quiet place, Noah Jupe  Millicent Simmonds  Millicent Simmonds John Krasinski Horror Drama Science Fiction
Kay Cannon, John Cena, Ike Barinholtz, Ike Barinholtz,Comedy,blockers, John Cena  Ike Barinholtz  Ike Barinholtz Kay Cannon Comedy
Lynne Ramsay, Alessandro Nivola, Dante Pereira-Olson, Dante Pereira-Olson,Crime Drama Thriller,you were never really here, Alessandro Nivola  Dante Pereira-Olson  Dante Pereira-Olson Lynne Ramsay Crime Drama Thriller
John Curran, Bruce Dern, Olivia Thirlby, Olivia Thirlby,History Drama Thriller,chappaquiddick, Bruce Dern  Olivia Thirlby  Olivia Thirlby John Curran History Drama Thriller
Sean McNamara, Danika Yarosh, William Hurt, William Hurt,Drama,the miracle season, Danika Yarosh  William Hurt  William Hurt Sean McNamara Drama
Brad Anderson, Shea Whigham, Larry Pine, Larry Pine,Action Thriller Drama,beirut, Shea Whigham  Larry Pine  Larry Pine Brad Anderson Action Thriller Drama
Brad Peyton, Jeffrey Dean Morgan, Jake Lacy, Jake Lacy,Action Adventure Science Fiction,rampage, Jeffrey Dean Morgan  Jake Lacy  Jake Lacy Brad Peyton Action Adventure Science Fiction
Jeff Wadlow, Landon Liboiron, Hayden Szeto, Hayden Szeto,Thriller Horror,truth or dare, Landon Liboiron  Hayden Szeto  Hayden Szeto Jeff Wadlow Thriller Horror
Chloé Zhao, Cat Clifford, Lane Scott, Lane Scott,Drama Western,the rider, Cat Clifford  Lane Scott  Lane Scott Chloé Zhao Drama Western
Richard Lanni, Gérard Depardieu, Helena Bonham Carter, Helena Bonham Carter,Animation Adventure Family History War,sgt. stubby: an american hero, Gérard Depardieu  Helena Bonham Carter  Helena Bonham Carter Richard Lanni Animation Adventure Family History War
"Abby Kohn, Marc Silverstein", Lauren Hutton, Naomi Campbell, Naomi Campbell,Comedy Romance,i feel pretty," Lauren Hutton  Naomi Campbell  Naomi Campbell Abby Kohn, Marc Silverstein Comedy Romance"
Jay Chandrasekhar, Brian Cox, Rob Lowe, Rob Lowe,Comedy Crime Mystery,super troopers 2, Brian Cox  Rob Lowe  Rob Lowe Jay Chandrasekhar Comedy Crime Mystery
Deon Taylor, William Fichtner, Missi Pyle, Missi Pyle,Horror Thriller,traffik, William Fichtner  Missi Pyle  Missi Pyle Deon Taylor Horror Thriller
Peter Livolsi, Michaela Watkins, Maude Apatow, Maude Apatow,Drama Comedy,the house of tomorrow, Michaela Watkins  Maude Apatow  Maude Apatow Peter Livolsi Drama Comedy
Russo brothers, Chris Pratt, Josh Brolin, Josh Brolin,Adventure Action Science Fiction,avengers: infinity war, Chris Pratt  Josh Brolin  Josh Brolin Russo brothers Adventure Action Science Fiction
Sebastián Lelio, Alessandro Nivola, Rachel McAdams, Rachel McAdams,Drama Romance,disobedience, Alessandro Nivola  Rachel McAdams  Rachel McAdams Sebastián Lelio Drama Romance
Per Fly, Jacqueline Bisset, Belçim Bilgin, Belçim Bilgin,Thriller Drama History,backstabbing for beginners, Jacqueline Bisset  Belçim Bilgin  Belçim Bilgin Per Fly Thriller Drama History
Deniz Gamze Ergüven, Daniel Craig,Deniz Gamze Ergüven (director/screenplay); Halle Berry,Deniz Gamze Ergüven (director/screenplay); Halle Berry,Romance Drama Crime,kings, Daniel Craig Deniz Gamze Ergüven (director/screenplay); Halle Berry Deniz Gamze Ergüven (director/screenplay); Halle Berry Deniz Gamze Ergüven Romance Drama Crime
Rob Greenberg, John Hannah, Fernando Luján, Fernando Luján,Comedy Romance,overboard, John Hannah  Fernando Luján  Fernando Luján Rob Greenberg Comedy Romance
Jason Reitman, Mark Duplass, Ron Livingston, Ron Livingston,Comedy Drama,tully, Mark Duplass  Ron Livingston  Ron Livingston Jason Reitman Comedy Drama
Dean Devlin, Jacqueline Byers, Kerry Condon, Kerry Condon,Thriller Crime Horror,bad samaritan, Jacqueline Byers  Kerry Condon  Kerry Condon Dean Devlin Thriller Crime Horror
Bobby Miller, Diana Bang, Kevin J. O'Connor, Kevin J. O'Connor,Drama Comedy Fantasy Horror,the cleanse, Diana Bang  Kevin J. O'Connor  Kevin J. O'Connor Bobby Miller Drama Comedy Fantasy Horror
Ben Falcone, Jacki Weaver, Stephen Root, Stephen Root,Comedy,life of the party, Jacki Weaver  Stephen Root  Stephen Root Ben Falcone Comedy
James McTeigue, Christa Miller, Seth Carr, Seth Carr,Thriller Crime Action,breaking in, Christa Miller  Seth Carr  Seth Carr James McTeigue Thriller Crime Action
Michael Mayer, Brian Dennehy, Billy Howle, Billy Howle,Drama Romance Comedy,the seagull, Brian Dennehy  Billy Howle  Billy Howle Michael Mayer Drama Romance Comedy
Vaughn Stein, Mike Myers, Max Irons, Max Irons,Crime Drama Thriller,terminal, Mike Myers  Max Irons  Max Irons Vaughn Stein Crime Drama Thriller
David Leitch, Jack Kesy, Brianna Hildebrand, Brianna Hildebrand,Action Comedy Adventure,deadpool 2, Jack Kesy  Brianna Hildebrand  Brianna Hildebrand David Leitch Action Comedy Adventure
Bill Holderman, Mary Steenburgen, Candice Bergen, Candice Bergen,Horror Thriller,book club, Mary Steenburgen  Candice Bergen  Candice Bergen Bill Holderman Horror Thriller
Paul Schrader, Cedric the Entertainer, Amanda Seyfried, Amanda Seyfried,Drama,first reformed, Cedric the Entertainer  Amanda Seyfried  Amanda Seyfried Paul Schrader Drama
Raja Gosnell, Stanley Tucci, Omar Chaparro, Omar Chaparro,Adventure Crime Family Comedy,show dogs, Stanley Tucci  Omar Chaparro  Omar Chaparro Raja Gosnell Adventure Crime Family Comedy
Ron Howard, Paul Bettany, Joonas Suotamo, Joonas Suotamo,Science Fiction Adventure Action,solo: a star wars story, Paul Bettany  Joonas Suotamo  Joonas Suotamo Ron Howard Science Fiction Adventure Action
John Cameron Mitchell, Matt Lucas, Ruth Wilson, Ruth Wilson,Comedy Music Romance Science Fiction,how to talk to girls at parties, Matt Lucas  Ruth Wilson  Ruth Wilson John Cameron Mitchell Comedy Music Romance Science Fiction
Anthony Byrne, Olegar Fedoro, Joely Richardson, Joely Richardson,Thriller Mystery,in darkness, Olegar Fedoro  Joely Richardson  Joely Richardson Anthony Byrne Thriller Mystery
James Franco, Milla Jovovich, Lucy Liu, Lucy Liu,Science Fiction,future world, Milla Jovovich  Lucy Liu  Lucy Liu James Franco Science Fiction
Tim Kirkby, Chris Pontius, Dave Krinsky (screenplay); Johnny Knoxville, Dave Krinsky (screenplay); Johnny Knoxville,Comedy,action point, Chris Pontius  Dave Krinsky (screenplay); Johnny Knoxville  Dave Krinsky (screenplay); Johnny Knoxville Tim Kirkby Comedy
Baltasar Kormákur, Sam Claflin, David Branson Smith (screenplay); Shailene Woodley, David Branson Smith (screenplay); Shailene Woodley,Thriller Romance Adventure,adrift, Sam Claflin  David Branson Smith (screenplay); Shailene Woodley  David Branson Smith (screenplay); Shailene Woodley Baltasar Kormákur Thriller Romance Adventure
Leigh Whannell, Harrison Gilbertson, Betty Gabriel, Betty Gabriel,Action Thriller Science Fiction,upgrade, Harrison Gilbertson  Betty Gabriel  Betty Gabriel Leigh Whannell Action Thriller Science Fiction
Bart Layton, Ann Dowd, Udo Kier, Udo Kier,Drama Crime Documentary,american animals, Ann Dowd  Udo Kier  Udo Kier Bart Layton Drama Crime Documentary
Theresa Bennett, Samira Wiley, Fortune Feimster, Fortune Feimster,Comedy Romance,social animals, Samira Wiley  Fortune Feimster  Fortune Feimster Theresa Bennett Comedy Romance
Gary Ross, Helena Bonham Carter, Rihanna, Rihanna,Crime Comedy Action,ocean's 8, Helena Bonham Carter  Rihanna  Rihanna Gary Ross Crime Comedy Action
Morgan Neville, Joanne Rogers, Tom Junod, Tom Junod,Documentary,won't you be my neighbor?, Joanne Rogers  Tom Junod  Tom Junod Morgan Neville Documentary
Ari Aster, Gabriel Byrne, Ann Dowd, Ann Dowd,Horror Mystery Thriller,hereditary, Gabriel Byrne  Ann Dowd  Ann Dowd Ari Aster Horror Mystery Thriller
Drew Pearce, Dave Bautista, Charlie Day, Charlie Day,Thriller Science Fiction Action,hotel artemis, Dave Bautista  Charlie Day  Charlie Day Drew Pearce Thriller Science Fiction Action
Director X, Jennifer Morrison, Lex Scott Davis, Lex Scott Davis,Action Crime,superfly, Jennifer Morrison  Lex Scott Davis  Lex Scott Davis Director X Action Crime
Brad Bird, Jonathan Banks, Catherine Keener, Catherine Keener,Action Adventure Animation Family,incredibles 2, Jonathan Banks  Catherine Keener  Catherine Keener Brad Bird Action Adventure Animation Family
Jeff Tomsic, Jeremy Renner, Jon Hamm, Jon Hamm,Comedy Action,tag, Jeremy Renner  Jon Hamm  Jon Hamm Jeff Tomsic Comedy Action
Kevin Connolly, Kelly Preston, William DeMeo, William DeMeo,Crime Drama TV Movie,gotti, Kelly Preston  William DeMeo  William DeMeo Kevin Connolly Crime Drama TV Movie
J. A. Bayona, Jeff Goldblum, BD Wong, BD Wong,Action Adventure Science Fiction Thriller,jurassic world: fallen kingdom, Jeff Goldblum  BD Wong  BD Wong J. A. Bayona Action Adventure Science Fiction Thriller
Shana Feste, Peter Fonda, Christopher Lloyd, Christopher Lloyd,Comedy Drama,boundaries, Peter Fonda  Christopher Lloyd  Christopher Lloyd Shana Feste Comedy Drama
"David Zellner, Nathan Zellner", Mia Wasikowska, Nathan Zellner (directors/screenplay); Robert Pattinson, Nathan Zellner (directors/screenplay); Robert Pattinson,Adventure Fantasy,damsel," Mia Wasikowska  Nathan Zellner (directors/screenplay); Robert Pattinson  Nathan Zellner (directors/screenplay); Robert Pattinson David Zellner, Nathan Zellner Adventure Fantasy"
Mike P. Nelson, David Dastmalchian, Thomas Francis Murray, Thomas Francis Murray,Thriller Horror,the domestics, David Dastmalchian  Thomas Francis Murray  Thomas Francis Murray Mike P. Nelson Thriller Horror
Stefano Sollima, Catherine Keener, Manuel Garcia-Rulfo, Manuel Garcia-Rulfo,Action Crime Thriller,sicario: day of the soldado, Catherine Keener  Manuel Garcia-Rulfo  Manuel Garcia-Rulfo Stefano Sollima Action Crime Thriller
Debra Granik, Dale Dickey, Jeff Kober, Jeff Kober,Drama,leave no trace, Dale Dickey  Jeff Kober  Jeff Kober Debra Granik Drama
Matt Sivertson, Kathleen Sheehy, Mike Burnell, Mike Burnell,Drama,love all you have left, Kathleen Sheehy  Mike Burnell  Mike Burnell Matt Sivertson Drama
Charles Stone III, Aaron Gordon, Nick Kroll, Nick Kroll,Comedy,uncle drew, Aaron Gordon  Nick Kroll  Nick Kroll Charles Stone III Comedy
Susanna White, Sam Rockwell, Chaske Spencer, Chaske Spencer,Drama History Western,woman walks ahead, Sam Rockwell  Chaske Spencer  Chaske Spencer Susanna White Drama History Western
Richie Moore, Margaret Roche, Sara Malakul Lane, Sara Malakul Lane,Horror TV Movie,who's watching oliver, Margaret Roche  Sara Malakul Lane  Sara Malakul Lane Richie Moore Horror TV Movie
Gerard McMurray, Marisa Tomei, Luna Lauren Velez, Luna Lauren Velez,Horror Action Thriller,the first purge, Marisa Tomei  Luna Lauren Velez  Luna Lauren Velez Gerard McMurray Horror Action Thriller
Peyton Reed, Laurence Fishburne, Randall Park, Randall Park,Action Adventure Science Fiction,ant-man and the wasp, Laurence Fishburne  Randall Park  Randall Park Peyton Reed Action Adventure Science Fiction
Boots Riley, David Cross, Patton Oswalt, Patton Oswalt,Fantasy Science Fiction Comedy,sorry to bother you, David Cross  Patton Oswalt  Patton Oswalt Boots Riley Fantasy Science Fiction Comedy
Kevin MacDonald,Kevin MacDonald (director/screenplay); Whitney Houston,unknown,unknown,Music Documentary,whitney,Kevin MacDonald (director/screenplay); Whitney Houston unknown unknown Kevin MacDonald Music Documentary
Genndy Tartakovsky, Mel Brooks, Kathryn Hahn, Kathryn Hahn,Animation Comedy Family Fantasy,hotel transylvania 3: summer vacation, Mel Brooks  Kathryn Hahn  Kathryn Hahn Genndy Tartakovsky Animation Comedy Family Fantasy
Rawson Marshall Thurber, Noah Taylor, Hannah Quinlivan, Hannah Quinlivan,Action Thriller Adventure,skyscraper, Noah Taylor  Hannah Quinlivan  Hannah Quinlivan Rawson Marshall Thurber Action Thriller Adventure
Bo Burnham, Missy Yager, Emily Robinson, Emily Robinson,Comedy Drama,eighth grade, Missy Yager  Emily Robinson  Emily Robinson Bo Burnham Comedy Drama
Gus Van Sant, Jack Black, Jonah Hill, Jonah Hill,Comedy Drama,"don't worry, he won't get far on foot", Jack Black  Jonah Hill  Jonah Hill Gus Van Sant Comedy Drama
Rob Reiner, Al Sapienza, Richard Schiff, Richard Schiff,History Drama Thriller,shock and awe, Al Sapienza  Richard Schiff  Richard Schiff Rob Reiner History Drama Thriller
Ol Parker, Meryl Streep, Andy García, Andy García,Comedy Romance,mamma mia! here we go again, Meryl Streep  Andy García  Andy García Ol Parker Comedy Romance
Antoine Fuqua, Bill Pullman, Melissa Leo, Melissa Leo,Action Thriller Crime,the equalizer 2, Bill Pullman  Melissa Leo  Melissa Leo Antoine Fuqua Action Thriller Crime
Carlos López Estrada, Wayne Knight, Rafael Casal, Rafael Casal,Comedy Crime Drama,blindspotting, Wayne Knight  Rafael Casal  Rafael Casal Carlos López Estrada Comedy Crime Drama
Stephen Susco, Savira Windyani, Stephanie Nogueras, Stephanie Nogueras,Horror Thriller Mystery,unfriended: dark web, Savira Windyani  Stephanie Nogueras  Stephanie Nogueras Stephen Susco Horror Thriller Mystery
Christopher McQuarrie, Alec Baldwin, Michelle Monaghan, Michelle Monaghan,Action Adventure,mission: impossible – fallout, Alec Baldwin  Michelle Monaghan  Michelle Monaghan Christopher McQuarrie Action Adventure
Peter Rida Michail, Kristen Bell, Will Arnett, Will Arnett,Animation Action Comedy Science Fiction,teen titans go! to the movies, Kristen Bell  Will Arnett  Will Arnett Peter Rida Michail Animation Action Comedy Science Fiction
Elijah Bynum, Maia Mitchell, Alex Roe, Alex Roe,Drama Comedy Crime,hot summer nights, Maia Mitchell  Alex Roe  Alex Roe Elijah Bynum Drama Comedy Crime
Marc Turtletaub, Liv Hewson, Austin Abrams, Austin Abrams,Drama,puzzle, Liv Hewson  Austin Abrams  Austin Abrams Marc Turtletaub Drama
Ben Young, Lex Shrapnel, Israel Broussard, Israel Broussard,Action Drama Science Fiction Thriller,extinction, Lex Shrapnel  Israel Broussard  Israel Broussard Ben Young Action Drama Science Fiction Thriller
Marc Forster, Toby Jones, Sophie Okonedo, Sophie Okonedo,Adventure Comedy Family Fantasy,christopher robin, Toby Jones  Sophie Okonedo  Sophie Okonedo Marc Forster Adventure Comedy Family Fantasy
Jennifer Yuh Nelson, Gwendoline Christie, Harris Dickinson, Harris Dickinson,Action Adventure Drama,the darkest minds, Gwendoline Christie  Harris Dickinson  Harris Dickinson Jennifer Yuh Nelson Action Adventure Drama
Susanna Fogel, Gillian Anderson, Sam Heughan, Sam Heughan,Action Comedy,the spy who dumped me, Gillian Anderson  Sam Heughan  Sam Heughan Susanna Fogel Action Comedy
Desiree Akhavan, Jennifer Ehle, Forrest Goodluck, Forrest Goodluck,Drama,the miseducation of cameron post, Jennifer Ehle  Forrest Goodluck  Forrest Goodluck Desiree Akhavan Drama
Augustine Frizzell, Matthew Holcomb, Kendal Smith, Kendal Smith,Comedy,never goin' back, Matthew Holcomb  Kendal Smith  Kendal Smith Augustine Frizzell Comedy
Ken Marino, Eva Longoria, Adam Pally, Adam Pally,Romance Comedy,dog days, Eva Longoria  Adam Pally  Adam Pally Ken Marino Romance Comedy
Jon Turteltaub, Cliff Curtis, Winston Chao, Winston Chao,Action Science Fiction Horror,the meg, Cliff Curtis  Winston Chao  Winston Chao Jon Turteltaub Action Science Fiction Horror
Spike Lee, Topher Grace, Laura Harrier, Laura Harrier,Comedy Crime Drama History,blackkklansman, Topher Grace  Laura Harrier  Laura Harrier Spike Lee Comedy Crime Drama History
Sylvain White, Javier Botet, Annalise Basso, Annalise Basso,Horror Mystery Thriller,slender man, Javier Botet  Annalise Basso  Annalise Basso Sylvain White Horror Mystery Thriller
Jean-Stéphane Sauvaire, Nick Saltrese (screenplay); Joe Cole,Jean-Stéphane Sauvaire (director); Jonathan Hirschbein,Jean-Stéphane Sauvaire (director); Jonathan Hirschbein,Drama Action Crime,a prayer before dawn, Nick Saltrese (screenplay); Joe Cole Jean-Stéphane Sauvaire (director); Jonathan Hirschbein Jean-Stéphane Sauvaire (director); Jonathan Hirschbein Jean-Stéphane Sauvaire Drama Action Crime
Jon M. Chu, Michelle Yeoh, Ken Jeong, Ken Jeong,Comedy Drama Romance,crazy rich asians, Michelle Yeoh  Ken Jeong  Ken Jeong Jon M. Chu Comedy Drama Romance
Albert Hughes, Jens Hultén, Leonor Varela, Leonor Varela,Adventure Drama,alpha, Jens Hultén  Leonor Varela  Leonor Varela Albert Hughes Adventure Drama
Peter Berg, Ronda Rousey, Iko Uwais, Iko Uwais,Action Thriller,mile 22, Ronda Rousey  Iko Uwais  Iko Uwais Peter Berg Action Thriller
Björn Runge, Elizabeth McGovern, Harry Lloyd, Harry Lloyd,Drama,the wife, Elizabeth McGovern  Harry Lloyd  Harry Lloyd Björn Runge Drama
James Cox, Judd Nelson, Suki Waterhouse, Suki Waterhouse,Drama Thriller,billionaire boys club, Judd Nelson  Suki Waterhouse  Suki Waterhouse James Cox Drama Thriller
Jesse Peretz, Rose Byrne, Jim Taylor (screenplay); Ethan Hawke, Jim Taylor (screenplay); Ethan Hawke,Comedy Drama Romance,"juliet, naked", Rose Byrne  Jim Taylor (screenplay); Ethan Hawke  Jim Taylor (screenplay); Ethan Hawke Jesse Peretz Comedy Drama Romance
Rodrigo Cortés, Victoria Moroles, Jim Sturgeon, Jim Sturgeon,Horror Mystery Thriller Fantasy Drama,down a dark hall, Victoria Moroles  Jim Sturgeon  Jim Sturgeon Rodrigo Cortés Horror Mystery Thriller Fantasy Drama
Susan Johnson, John Corbett, Anna Cathcart, Anna Cathcart,Comedy Romance,to all the boys i've loved before, John Corbett  Anna Cathcart  Anna Cathcart Susan Johnson Comedy Romance
Brian Henson, Elizabeth Banks, Joel McHale, Joel McHale,Action Comedy Crime Horror,the happytime murders, Elizabeth Banks  Joel McHale  Joel McHale Brian Henson Action Comedy Crime Horror
Aneesh Chaganty, Debra Messing,Aneesh Chaganty (director/screenplay); Sev Ohanian (screenplay); John Cho,Aneesh Chaganty (director/screenplay); Sev Ohanian (screenplay); John Cho,Thriller Mystery Drama,searching, Debra Messing Aneesh Chaganty (director/screenplay); Sev Ohanian (screenplay); John Cho Aneesh Chaganty (director/screenplay); Sev Ohanian (screenplay); John Cho Aneesh Chaganty Thriller Mystery Drama
Michael Noer, Rami Malek,Michael Noer (director); Aaron Guzikowski (screenplay); Charlie Hunnam,Michael Noer (director); Aaron Guzikowski (screenplay); Charlie Hunnam,Drama,papillon, Rami Malek Michael Noer (director); Aaron Guzikowski (screenplay); Charlie Hunnam Michael Noer (director); Aaron Guzikowski (screenplay); Charlie Hunnam Michael Noer Drama
Oliver Daly, Patricia de Leon, Lou Taylor Pucci, Lou Taylor Pucci,Science Fiction Action Adventure Family,a.x.l., Patricia de Leon  Lou Taylor Pucci  Lou Taylor Pucci Oliver Daly Science Fiction Action Adventure Family
Chris Weitz, Joe Alwyn, Nick Kroll, Nick Kroll,Drama History Thriller,operation finale, Joe Alwyn  Nick Kroll  Nick Kroll Chris Weitz Drama History Thriller
"Jonathan Baker, Josh Baker", James Franco, Dennis Quaid, Dennis Quaid,Fantasy Adventure Science Fiction Action,kin," James Franco  Dennis Quaid  Dennis Quaid Jonathan Baker, Josh Baker Fantasy Adventure Science Fiction Action"
Victor Levin, Keanu Reeves,Victor Levin (director/screenplay); Winona Ryder,Victor Levin (director/screenplay); Winona Ryder,Romance Comedy Drama,destination wedding, Keanu Reeves Victor Levin (director/screenplay); Winona Ryder Victor Levin (director/screenplay); Winona Ryder Victor Levin Romance Comedy Drama
Brian A. Miller, Olivia Culpo, Johnathon Schaech, Johnathon Schaech,Action Thriller Crime,reprisal, Olivia Culpo  Johnathon Schaech  Johnathon Schaech Brian A. Miller Action Thriller Crime
Corin Hardy, Bonnie Aarons, Ingrid Bisu, Ingrid Bisu,Horror Mystery Thriller,the nun, Bonnie Aarons  Ingrid Bisu  Ingrid Bisu Corin Hardy Horror Mystery Thriller
Pierre Morel, Richard Cabral, Annie Ilonzeh, Annie Ilonzeh,Action Thriller,peppermint, Richard Cabral  Annie Ilonzeh  Annie Ilonzeh Pierre Morel Action Thriller
Shane Black, Sterling K. Brown, Alfie Allen, Alfie Allen,Science Fiction Action Adventure,the predator, Sterling K. Brown  Alfie Allen  Alfie Allen Shane Black Science Fiction Action Adventure
Yann Demange, Piper Laurie, Bruce Dern, Bruce Dern,Crime Drama,white boy rick, Piper Laurie  Bruce Dern  Bruce Dern Yann Demange Crime Drama
Paul Feig, Andrew Rannells, Henry Golding, Henry Golding,Crime Thriller Mystery Comedy,a simple favor, Andrew Rannells  Henry Golding  Henry Golding Paul Feig Crime Thriller Mystery Comedy
Richard Eyre, Fionn Whitehead, Stanley Tucci, Stanley Tucci,Drama,the children act, Fionn Whitehead  Stanley Tucci  Stanley Tucci Richard Eyre Drama
Craig William Macneill, Jeff Perry, Denis O'Hare, Denis O'Hare,Crime Drama Thriller,lizzie, Jeff Perry  Denis O'Hare  Denis O'Hare Craig William Macneill Crime Drama Thriller
Harold Cronk, Will Graham, David Sakurai, David Sakurai,Drama,unbroken: path to redemption, Will Graham  David Sakurai  David Sakurai Harold Cronk Drama
Stephen Cognetti, Brian David Tracey, Dustin Austen, Dustin Austen,Horror,hell house llc ii: the abaddon hotel, Brian David Tracey  Dustin Austen  Dustin Austen Stephen Cognetti Horror
Eli Roth, Colleen Camp, Vanessa Anne Williams, Vanessa Anne Williams,Fantasy Family Comedy,the house with a clock in its walls, Colleen Camp  Vanessa Anne Williams  Vanessa Anne Williams Eli Roth Fantasy Family Comedy
Dan Fogelman, Antonio Banderas, Annette Bening, Annette Bening,Drama Romance,life itself, Antonio Banderas  Annette Bening  Annette Bening Dan Fogelman Drama Romance
Jacques Audiard, Riz Ahmed, Jake Gyllenhaal, Jake Gyllenhaal,Drama Western,the sisters brothers, Riz Ahmed  Jake Gyllenhaal  Jake Gyllenhaal Jacques Audiard Drama Western
Sam Levinson, Anika Noni Rose, Colman Domingo, Colman Domingo,Thriller Horror Comedy,assassination nation, Anika Noni Rose  Colman Domingo  Colman Domingo Sam Levinson Thriller Horror Comedy
Donald Petrie, Martin Roach, Jane Seymour, Jane Seymour,Comedy Romance,little italy, Martin Roach  Jane Seymour  Jane Seymour Donald Petrie Comedy Romance
Wash Westmoreland, Dominic West,Wash Westmoreland (director/screenplay); Richard Glatzer (screenplay); Keira Knightley,Wash Westmoreland (director/screenplay); Richard Glatzer (screenplay); Keira Knightley,Drama History,colette, Dominic West Wash Westmoreland (director/screenplay); Richard Glatzer (screenplay); Keira Knightley Wash Westmoreland (director/screenplay); Richard Glatzer (screenplay); Keira Knightley Wash Westmoreland Drama History
Michael Moore,Michael Moore (director/screenplay),unknown,unknown,Documentary,fahrenheit 11/9,Michael Moore (director/screenplay) unknown unknown Michael Moore Documentary
Lisa Dapolito,Lisa Dapolito (director); Gilda Radner,unknown,unknown,Documentary,"love, gilda",Lisa Dapolito (director); Gilda Radner unknown unknown Lisa Dapolito Documentary
Karey Kirkpatrick, Jimmy Tatro, Ely Henry, Ely Henry,Family Animation Adventure Fantasy,smallfoot, Jimmy Tatro  Ely Henry  Ely Henry Karey Kirkpatrick Family Animation Adventure Fantasy
Malcolm D. Lee, Romany Malco, Rob Riggle, Rob Riggle,Comedy,night school, Romany Malco  Rob Riggle  Rob Riggle Malcolm D. Lee Comedy
David Lowery, Sissy Spacek, Tom Waits, Tom Waits,Comedy Crime Drama,the old man & the gun, Sissy Spacek  Tom Waits  Tom Waits David Lowery Comedy Crime Drama
Gregory Plotkin, Roby Attal, Matt Mercurio, Matt Mercurio,Horror Thriller,hell fest, Roby Attal  Matt Mercurio  Matt Mercurio Gregory Plotkin Horror Thriller
Ruben Fleischer, Jenny Slate, Reid Scott, Reid Scott,Science Fiction Action,venom, Jenny Slate  Reid Scott  Reid Scott Ruben Fleischer Science Fiction Action
Bradley Cooper, Greg Grunberg, Rafi Gavron, Rafi Gavron,Music Drama Romance,a star is born, Greg Grunberg  Rafi Gavron  Rafi Gavron Bradley Cooper Music Drama Romance
Peter Bogdanovich,Peter Bogdanovich (director),unknown,unknown,Documentary Comedy,the great buster: a celebration,Peter Bogdanovich (director) unknown unknown Peter Bogdanovich Documentary Comedy
Damien Chazelle, Lukas Haas, Patrick Fugit, Patrick Fugit,History Drama,first man, Lukas Haas  Patrick Fugit  Patrick Fugit Damien Chazelle History Drama
Drew Goddard, Chris Hemsworth, Nick Offerman, Nick Offerman,Thriller Drama Mystery Crime,bad times at the el royale, Chris Hemsworth  Nick Offerman  Nick Offerman Drew Goddard Thriller Drama Mystery Crime
Ari Sandel, Jack Black, Ken Jeong, Ken Jeong,Adventure Comedy Fantasy Family Horror,goosebumps 2: haunted halloween, Jack Black  Ken Jeong  Ken Jeong Ari Sandel Adventure Comedy Fantasy Family Horror
Felix van Groeningen, Amy Ryan, Maura Tierney, Maura Tierney,Drama,beautiful boy, Amy Ryan  Maura Tierney  Maura Tierney Felix van Groeningen Drama
Ike Barinholtz, John Cho, Billy Magnussen, Billy Magnussen,Action Adventure Drama Fantasy,the oath, John Cho  Billy Magnussen  Billy Magnussen Ike Barinholtz Action Adventure Drama Fantasy
Nick Searcy, Michael Beach, Sarah Jane Morris, Sarah Jane Morris,Drama Crime,gosnell: the trial of america's biggest serial killer, Michael Beach  Sarah Jane Morris  Sarah Jane Morris Nick Searcy Drama Crime
"Hannah Marks, Joey Power", Marisa Tomei, Gina Gershon, Gina Gershon,Romance Drama,after everything," Marisa Tomei  Gina Gershon  Gina Gershon Hannah Marks, Joey Power Romance Drama"
David Gordon Green, Virginia Gardner, Will Patton, Will Patton,Horror Thriller,halloween, Virginia Gardner  Will Patton  Will Patton David Gordon Green Horror Thriller
George Tillman Jr., Anthony Mackie, Common, Common,Crime Drama,the hate u give, Anthony Mackie  Common  Common George Tillman Jr. Crime Drama
Marielle Heller, Richard E. Grant, Jeff Whitty (screenplay); Melissa McCarthy, Jeff Whitty (screenplay); Melissa McCarthy,Drama Crime Comedy,can you ever forgive me?, Richard E. Grant  Jeff Whitty (screenplay); Melissa McCarthy  Jeff Whitty (screenplay); Melissa McCarthy Marielle Heller Drama Crime Comedy
Jonah Hill, Katherine Waterston, Lucas Hedges, Lucas Hedges,Drama Comedy,mid90s, Katherine Waterston  Lucas Hedges  Lucas Hedges Jonah Hill Drama Comedy
Paul Dano, Bill Camp, Ed Oxenbould, Ed Oxenbould,Drama,wildlife, Bill Camp  Ed Oxenbould  Ed Oxenbould Paul Dano Drama
Elizabeth Chomko, Josh Lucas, Taissa Farmiga, Taissa Farmiga,Drama,what they had, Josh Lucas  Taissa Farmiga  Taissa Farmiga Elizabeth Chomko Drama
Donovan Marsh, Michael Nyqvist, Zane Holtz, Zane Holtz,Action Thriller,hunter killer, Michael Nyqvist  Zane Holtz  Zane Holtz Donovan Marsh Action Thriller
David Kerr, Ben Miller, Olga Kurylenko, Olga Kurylenko,Action Adventure Comedy,johnny english strikes again, Ben Miller  Olga Kurylenko  Olga Kurylenko David Kerr Action Adventure Comedy
Luca Guadagnino, Chloë Grace Moretz, Jessica Harper, Jessica Harper,Horror,suspiria, Chloë Grace Moretz  Jessica Harper  Jessica Harper Luca Guadagnino Horror
David G. Evans, Eric Close, Tia Mowry, Tia Mowry,Drama War,indivisible, Eric Close  Tia Mowry  Tia Mowry David G. Evans Drama War
David McCracken, Dorothy Lyman, Richard Riehle, Richard Riehle,Action Drama Thriller,bullitt county, Dorothy Lyman  Richard Riehle  Richard Riehle David McCracken Action Drama Thriller
Bryan Singer, Mike Myers, Tom Hollander, Tom Hollander,Music Drama,bohemian rhapsody, Mike Myers  Tom Hollander  Tom Hollander Bryan Singer Music Drama
"Lasse Hallström, Joe Johnston", Morgan Freeman, Helen Mirren, Helen Mirren,Fantasy Adventure Family,the nutcracker and the four realms," Morgan Freeman  Helen Mirren  Helen Mirren Lasse Hallström, Joe Johnston Fantasy Adventure Family"
Tyler Perry, Whoopi Goldberg, Amber Riley, Amber Riley,Drama Comedy,nobody's fool, Whoopi Goldberg  Amber Riley  Amber Riley Tyler Perry Drama Comedy
Joel Edgerton, Flea, Cherry Jones, Cherry Jones,Drama,boy erased, Flea  Cherry Jones  Cherry Jones Joel Edgerton Drama
Matthew Heineman, Tom Hollander, Stanley Tucci, Stanley Tucci,Drama War,a private war, Tom Hollander  Stanley Tucci  Stanley Tucci Matthew Heineman Drama War
Joseph Kahn, Anthony Michael Hall, Walter Perez, Walter Perez,Drama Comedy Music,bodied, Anthony Michael Hall  Walter Perez  Walter Perez Joseph Kahn Drama Comedy Music
Jason Reitman, Alfred Molina, J. K. Simmons, J. K. Simmons,Drama History,the front runner, Alfred Molina  J. K. Simmons  J. K. Simmons Jason Reitman Drama History
"Yarrow Cheney, Scott Mosier", Pharrell Williams, Angela Lansbury, Angela Lansbury,Animation Family Comedy Fantasy,the grinch," Pharrell Williams  Angela Lansbury  Angela Lansbury Yarrow Cheney, Scott Mosier Animation Family Comedy Fantasy"
Fede Álvarez, Stephen Merchant, Sylvia Hoeks, Sylvia Hoeks,Action Adventure Crime,the girl in the spider's web, Stephen Merchant  Sylvia Hoeks  Sylvia Hoeks Fede Álvarez Action Adventure Crime
Julius Avery, Bokeem Woodbine, Pilou Asbæk, Pilou Asbæk,Horror War Science Fiction,overlord, Bokeem Woodbine  Pilou Asbæk  Pilou Asbæk Julius Avery Horror War Science Fiction
Joel and Ethan Coen, Tom Waits, Liam Neeson, Liam Neeson,Western Comedy Drama,the ballad of buster scruggs, Tom Waits  Liam Neeson  Liam Neeson Joel and Ethan Coen Western Comedy Drama
Daniel Fabelo & Matt Hullum, Allie DeBerry, Nichole Bloom, Nichole Bloom,Science Fiction Action Adventure Comedy,lazer team 2, Allie DeBerry  Nichole Bloom  Nichole Bloom Daniel Fabelo & Matt Hullum Science Fiction Action Adventure Comedy
David Yates, Johnny Depp, Jude Law, Jude Law,Fantasy Adventure Family,fantastic beasts: the crimes of grindelwald, Johnny Depp  Jude Law  Jude Law David Yates Fantasy Adventure Family
Steve McQueen, Liam Neeson, Robert Duvall, Robert Duvall,Crime Thriller,widows, Liam Neeson  Robert Duvall  Robert Duvall Steve McQueen Crime Thriller
Peter Farrelly, Linda Cardellini, Mahershala Ali, Mahershala Ali,Drama History,green book, Linda Cardellini  Mahershala Ali  Mahershala Ali Peter Farrelly Drama History
Sean Anders, Octavia Spencer, Julie Hagerty, Julie Hagerty,Comedy Drama,instant family, Octavia Spencer  Julie Hagerty  Julie Hagerty Sean Anders Comedy Drama
"Rich Moore, Phil Johnston", Ed O'Neill, Alan Tudyk, Alan Tudyk,Family Animation Comedy Adventure,ralph breaks the internet," Ed O'Neill  Alan Tudyk  Alan Tudyk Rich Moore, Phil Johnston Family Animation Comedy Adventure"
Steven Caple Jr., Phylicia Rashad, Wood Harris, Wood Harris,Drama Action,creed ii, Phylicia Rashad  Wood Harris  Wood Harris Steven Caple Jr. Drama Action
Otto Bathurst, Jamie Dornan, Tim Minchin, Tim Minchin,Action Adventure Drama,robin hood, Jamie Dornan  Tim Minchin  Tim Minchin Otto Bathurst Action Adventure Drama
Alfonso Cuarón, Jorge Antonio Guerrero, Fernando Grediaga, Fernando Grediaga,Comedy Drama,roma, Jorge Antonio Guerrero  Fernando Grediaga  Fernando Grediaga Alfonso Cuarón Comedy Drama
Yorgos Lanthimos, Joe Alwyn, Nicholas Hoult, Nicholas Hoult,Drama Comedy Thriller,the favourite, Joe Alwyn  Nicholas Hoult  Nicholas Hoult Yorgos Lanthimos Drama Comedy Thriller
Andy Serkis, Naomie Harris, Freida Pinto, Freida Pinto,Adventure Drama,mowgli: legend of the jungle, Naomie Harris  Freida Pinto  Freida Pinto Andy Serkis Adventure Drama
Diederik van Rooijen, Stana Katic, Kirby Johnson, Kirby Johnson,Horror Drama,the possession of hannah grace, Stana Katic  Kirby Johnson  Kirby Johnson Diederik van Rooijen Horror Drama
Johan Bodell, Thomas Hedengra, Erik Kammerland, Erik Kammerland,Thriller Horror,the cabin, Thomas Hedengra  Erik Kammerland  Erik Kammerland Johan Bodell Thriller Horror
Josie Rourke, Guy Pearce, David Tennant, David Tennant,Drama History,mary queen of scots, Guy Pearce  David Tennant  David Tennant Josie Rourke Drama History
Peter Hedges, Courtney B. Vance, Kathryn Newton, Kathryn Newton,Drama,ben is back, Courtney B. Vance  Kathryn Newton  Kathryn Newton Peter Hedges Drama
"Bob Persichetti, Peter Ramsey, Rodney Rothman", Chris Pine, Liev Schreiber, Liev Schreiber,Action Adventure Animation Science Fiction,spider-man: into the spider-verse," Chris Pine  Liev Schreiber  Liev Schreiber Bob Persichetti, Peter Ramsey, Rodney Rothman Action Adventure Animation Science Fiction"
Christian Rivers, Stephen Lang, Patrick Malahide, Patrick Malahide,Adventure Science Fiction,mortal engines, Stephen Lang  Patrick Malahide  Patrick Malahide Christian Rivers Adventure Science Fiction
Clint Eastwood, Andy Garcia, Dianne Wiest, Dianne Wiest,Crime Drama,the mule, Andy Garcia  Dianne Wiest  Dianne Wiest Clint Eastwood Crime Drama
Barry Jenkins, Emily Rios, Diego Luna, Diego Luna,Romance Drama,if beale street could talk, Emily Rios  Diego Luna  Diego Luna Barry Jenkins Romance Drama
Rob Marshall, Angela Lansbury, Dick Van Dyke, Dick Van Dyke,Fantasy Family Comedy,mary poppins returns, Angela Lansbury  Dick Van Dyke  Dick Van Dyke Rob Marshall Fantasy Family Comedy
James Wan, Nicole Kidman, Temuera Morrison, Temuera Morrison,Action Adventure Fantasy,aquaman, Nicole Kidman  Temuera Morrison  Temuera Morrison James Wan Action Adventure Fantasy
Travis Knight, Andrew Morgado, Peter Cullen, Peter Cullen,Action Adventure Science Fiction,bumblebee, Andrew Morgado  Peter Cullen  Peter Cullen Travis Knight Action Adventure Science Fiction
Robert Zemeckis, Gwendoline Christie, Eiza González, Eiza González,Animation Drama Comedy,welcome to marwen, Gwendoline Christie  Eiza González  Eiza González Robert Zemeckis Animation Drama Comedy
Peter Segal, Milo Ventimiglia, Treat Williams, Treat Williams,Romance Comedy,second act, Milo Ventimiglia  Treat Williams  Treat Williams Peter Segal Romance Comedy
Etan Cohen, Hugh Laurie, Pam Ferris, Pam Ferris,Mystery Adventure Comedy Crime,holmes & watson, Hugh Laurie  Pam Ferris  Pam Ferris Etan Cohen Mystery Adventure Comedy Crime
Adam McKay, Jesse Plemons, Lily Rabe, Lily Rabe,Comedy Drama,vice, Jesse Plemons  Lily Rabe  Lily Rabe Adam McKay Comedy Drama
Mimi Leder, Kathy Bates, Sam Waterston, Sam Waterston,Drama History,on the basis of sex, Kathy Bates  Sam Waterston  Sam Waterston Mimi Leder Drama History
Karyn Kusama, Scoot McNairy, Jade Pettyjohn, Jade Pettyjohn,Thriller Crime Drama Action,destroyer, Scoot McNairy  Jade Pettyjohn  Jade Pettyjohn Karyn Kusama Thriller Crime Drama Action
